sentiment,text,user
"negative","RT @NYGovCuomo: I know this is hard.\n\nI wish I could say this will be over soon, but I can‚Äôt. \n\nWe must make decisions based on the science‚Ä¶","Jacquel35522902"
"negative","RT @nytimes: This simulation uses research data to show what happens when a person infected with a virus coughs indoors. For a heavy cough,‚Ä¶","my2ids"
"neutral","RT @TeamPelosi: The #coronavirus crisis is a public health emergency that called for a coordinated federal response based on science, evide‚Ä¶","MarciaBunney"
"negative","RT @AkkBlr: Drug repurposing for #COVID19 is getting out of hand. It is deeply worrying for Turkish science that @ercumentovali tries to pu‚Ä¶","burcucella"
"positive","RT @democracymum: If Jacinda decides to extend #nzlockdown next week (by two weeks) she should have to first guarantee that the extra pain‚Ä¶","sopsaka"
"neutral","RT @gp_pulipaka: A 9 Page Data Science Cheat Sheet. #BigData #Analytics #DataScience #IoT #IIoT #PyTorch #Python #RStats #TensorFlow #Java‚Ä¶","JacobusSystems"
"neutral","RT @TeamPelosi: The #coronavirus crisis is a public health emergency that called for a coordinated federal response based on science, evide‚Ä¶","missythefae"
"negative","RT @NYGovCuomo: I know this is hard.\n\nI wish I could say this will be over soon, but I can‚Äôt. \n\nWe must make decisions based on the science‚Ä¶","Ellie_J_Sims"
"positive","RT @NBCian: CA Gov. Newsom reminds: ‚Äú#StayAtHome order is still in effect. You have successfully bent, and arguably flattened the curve in‚Ä¶","instinqts"
"neutral","RT @NASA: Our living Earth üåéüíö\n\nWe're 6 days away from the 50th anniversary of Earth Day. Decorate your space with our 2020 Earth Day poster‚Ä¶","athiskemonn"
"neutral","RT @TeamPelosi: The #coronavirus crisis is a public health emergency that called for a coordinated federal response based on science, evide‚Ä¶","Rbnhoodga"
"neutral","RT @TeamPelosi: The #coronavirus crisis is a public health emergency that called for a coordinated federal response based on science, evide‚Ä¶","giraffami"
"positive","RT @palewire: @simonw SQL is better at the fundamentals than most data science tools, including R and pandas.","ablawso"
"positive","RT @aikarobredo: A really good explanation using data and Science, and expressed in the simplest terms.","legallyzen"
"negative","RT @NYGovCuomo: I know this is hard.\n\nI wish I could say this will be over soon, but I can‚Äôt. \n\nWe must make decisions based on the science‚Ä¶","davegarza7"
"neutral","RT @gp_pulipaka: A 9 Page Data Science Cheat Sheet. #BigData #Analytics #DataScience #IoT #IIoT #PyTorch #Python #RStats #TensorFlow #Java‚Ä¶","qubole"
"negative","RT @NYGovCuomo: I know this is hard.\n\nI wish I could say this will be over soon, but I can‚Äôt. \n\nWe must make decisions based on the science‚Ä¶","sarahkx33"
"positive","RT @caseymross: ‚ÄúRemdesivir was a miracle,‚Äù reports one Chicago patient. Stat‚Äôs @matthewherper and @adamfeuerstein report that, while early‚Ä¶","FeG_MO"
"neutral","@barbaravmotta Link: https://t.co/7FhSqCTeDW\n\nDigo isso porque esses dois cursos usam o RStudio","pedro_drocha"
"neutral","Why Data Science Needs DataOps #DeepLearning #bigdata #learning via https://t.co/51Q7uqVBnT https://t.co/zEzNRWJK7v","patosins"
"neutral","RT @YossiGestetner: is not aligned with this. Meaning, 12.5% cases with symptoms do NOT need beds (as feared); and 3% of cases with symptom‚Ä¶","LoliLoli2823"
"negative","RT @NYGovCuomo: I know this is hard.\n\nI wish I could say this will be over soon, but I can‚Äôt. \n\nWe must make decisions based on the science‚Ä¶","4uLovejones"
"neutral","RT @YossiGestetner: which was basically another week of data showing that NY won‚Äôt need 30K+ ICUs in a matter of then-7-14 days, NY did not‚Ä¶","LoliLoli2823"
"neutral","RT @studyideas_: ‡∏°‡∏µ‡πÄ‡∏£‡∏∑‡πà‡∏≠‡∏á‡∏ô‡πà‡∏≤‡∏™‡∏ô‡πÉ‡∏à‡∏°‡∏≤‡∏ù‡∏≤‡∏Å‡∏Ñ‡πà‡∏∞\n‡∏ô‡∏µ‡πà‡∏Ñ‡∏∑‡∏≠ ‡∏ö‡∏ó‡∏Ñ‡∏ß‡∏≤‡∏°‡∏£‡∏ß‡∏ö‡∏£‡∏ß‡∏° 450 courses ‡∏ó‡∏µ‡πà‡∏ú‡∏π‡πâ‡∏à‡∏±‡∏î‡∏Ñ‡∏∑‡∏≠‡∏°‡∏´‡∏≤‡∏•‡∏±‡∏¢‡∏ä‡∏±‡πâ‡∏ô‡∏ô‡∏≥‡πÅ‡∏ö‡∏ö‡∏ó‡∏µ‡πà‡πÄ‡∏£‡∏µ‡∏¢‡∏Å‡∏ß‡πà‡∏≤ Ivy League\n\n‡∏°‡∏µ‡∏™‡∏≤‡∏¢‡∏ß‡∏¥‡∏ä‡∏≤‡∏ï‡∏≤‡∏°‡∏ô‡∏µ‡πâ‚Ä¶","supitcha_kam159"
"negative","RT @NYGovCuomo: I know this is hard.\n\nI wish I could say this will be over soon, but I can‚Äôt. \n\nWe must make decisions based on the science‚Ä¶","NYProjectt"
"positive","RT @40_head: China refuses to give the U.S. samples from the 1st Coronavirus patient(s). Why? In March, most networks stopped talking about‚Ä¶","Tweedle_dot"
"negative","RT @NYGovCuomo: I know this is hard.\n\nI wish I could say this will be over soon, but I can‚Äôt. \n\nWe must make decisions based on the science‚Ä¶","fromJupyter"
"positive","RT @MAP_UMR3495: One year after Notre Dame was ravaged by flames, the first images created by the digital data team of Notre-Dame Science U‚Ä¶","jebass17681889"
"positive","RT @KirkDBorne: 20 Free Online Books to Learn R and #DataScience, plus #Statistics, #DataViz, #Coding, #TextMining, and more: https://t.co/‚Ä¶","UnitedIndia2024"
"positive","RT @KirkDBorne: LOL! I just received an invitation to apply for a Data Science Intern position in a company, \"based on my experience\". I wo‚Ä¶","UnitedIndia2024"
"negative","RT @NYGovCuomo: I know this is hard.\n\nI wish I could say this will be over soon, but I can‚Äôt. \n\nWe must make decisions based on the science‚Ä¶","kbg101193"
"neutral","RT @Bobo82749034: Isn't a science fiction article coming? #WangYibo\nBionic people http: //t.cn/A6woEmKA \n\"According to the route informatio‚Ä¶","Lanbojier"
"positive","RT @steveliesman: I‚Äôm personally encouraged there‚Äôs a plan to open the country back up. I suspect over time they‚Äôll put more science and da‚Ä¶","DavidAltonClark"
"positive","Explain data science like I‚Äôm 7 years old. by Karthik Thandapani https://t.co/IcNlY86bMV","ssanchezTEC"
"neutral","@barbaravmotta A, uma outra coisa. Se voc√™ n√£o tiver familiaridade com o R, tiver dificuldade com a interface ou se‚Ä¶ https://t.co/980oQ3hAIo","pedro_drocha"
"neutral","RT @NASA: Our living Earth üåéüíö\n\nWe're 6 days away from the 50th anniversary of Earth Day. Decorate your space with our 2020 Earth Day poster‚Ä¶","Senthil557"
"neutral","RT @TeamPelosi: The #coronavirus crisis is a public health emergency that called for a coordinated federal response based on science, evide‚Ä¶","lilylovr"
"negative","RT @NYGovCuomo: I know this is hard.\n\nI wish I could say this will be over soon, but I can‚Äôt. \n\nWe must make decisions based on the science‚Ä¶","AmarettoAndy"
"neutral","Upcoming Webinars and online events in AI, Data Science, Machine Learning https://t.co/7UXc7LCJxx #AI #MachineLearning #Analytics","lopezunwired"
"positive","RT @caseymross: ‚ÄúRemdesivir was a miracle,‚Äù reports one Chicago patient. Stat‚Äôs @matthewherper and @adamfeuerstein report that, while early‚Ä¶","AEasonNY"
"neutral","RT @CanAditude: Expert Scientist comments on Canadian Federal Government's Projections &amp; Numbers on #COVID19 \n*source https://t.co/e6k1Zg0c‚Ä¶","OpmacGaming"
"negative","RT @NYGovCuomo: I know this is hard.\n\nI wish I could say this will be over soon, but I can‚Äôt. \n\nWe must make decisions based on the science‚Ä¶","resya_aoki"
"positive","RT @Alyssafarah: The guidelines released by @realDonaldTrump to reopen our country are data-driven and based on strong public health scienc‚Ä¶","CMJsMarmee"
"neutral","RT @mariashriver: Health outcomes, science, and data will determine when the economy reopens, not politics, say the governors. Decisions ba‚Ä¶","Indirabrajesh"
"positive","RT @reubing: Great news:\n\nEarly data from two mid-stage clinical trials testing Gilead Science Inc's antiviral medicine, remdesivir, in sev‚Ä¶","PaulPasquariell"
"positive","IMS Superfine vs VST: A Small Sample Espresso Filter Comparison\nhttps://t.co/8Krz9N02dl\n+1 Hal2000Bot #data #science","DataScience_b"
"negative","RT @NYGovCuomo: I know this is hard.\n\nI wish I could say this will be over soon, but I can‚Äôt. \n\nWe must make decisions based on the science‚Ä¶","JillAnd79398642"
"neutral","RT @CanAditude: Expert Scientist comments on Canadian Federal Government's Projections &amp; Numbers on #COVID19 \n*source https://t.co/e6k1Zg0c‚Ä¶","BLK_c1985"
"negative","RT @NYGovCuomo: I know this is hard.\n\nI wish I could say this will be over soon, but I can‚Äôt. \n\nWe must make decisions based on the science‚Ä¶","andie12334"
"neutral","RT @Bobo82749034: Isn't a science fiction article coming? #WangYibo\nBionic people http: //t.cn/A6woEmKA \n\"According to the route informatio‚Ä¶","yenzchanz"
"neutral","RT @TeamPelosi: The #coronavirus crisis is a public health emergency that called for a coordinated federal response based on science, evide‚Ä¶","r_ramsay"
"negative","RT @NYGovCuomo: I know this is hard.\n\nI wish I could say this will be over soon, but I can‚Äôt. \n\nWe must make decisions based on the science‚Ä¶","ptrpkr"
"negative","RT @NYGovCuomo: I know this is hard.\n\nI wish I could say this will be over soon, but I can‚Äôt. \n\nWe must make decisions based on the science‚Ä¶","rettes05"
"neutral","RT @TeamPelosi: The #coronavirus crisis is a public health emergency that called for a coordinated federal response based on science, evide‚Ä¶","ReneeVoiceBrand"
"negative","RT @cnnphilippines: Nograles on senators' call for Duque's resignation: Lahat kami sa Cabinet uttered our 100% support kay Sec. Duque. We h‚Ä¶","athanmaano"
"positive","@GovNedLamont Well said Governor Lamont, follow the science and the data...  Got to flatten the curve first. https://t.co/yU1NZMNTBL","DanLowMD"
"neutral","@jamnspoon2 If it‚Äôs before the science and the data supports it, nope.","msdixietweets"
"neutral","RT @TeamPelosi: The #coronavirus crisis is a public health emergency that called for a coordinated federal response based on science, evide‚Ä¶","NancyLeclerc9"
"negative","RT @NYGovCuomo: I know this is hard.\n\nI wish I could say this will be over soon, but I can‚Äôt. \n\nWe must make decisions based on the science‚Ä¶","BeverlyKamin"
"negative","RT @cnnphilippines: Nograles on senators' call for Duque's resignation: Lahat kami sa Cabinet uttered our 100% support kay Sec. Duque. We h‚Ä¶","nonnax"
"neutral","RT @TeamPelosi: The #coronavirus crisis is a public health emergency that called for a coordinated federal response based on science, evide‚Ä¶","Gary_Coast"
"negative","RT @NYGovCuomo: I know this is hard.\n\nI wish I could say this will be over soon, but I can‚Äôt. \n\nWe must make decisions based on the science‚Ä¶","Andidrea9311"
"positive","@realDonaldTrump Thanks god science and data! https://t.co/GCvux2RU4g","Shaka4Kahn"
"neutral","RT @W7VOA: ‚ÄúThe President‚Äôs continued insistence on moving forward without testing, contact tracing, demographic data collection and a resp‚Ä¶","leesu44"
"negative","Nograles on senators' call for Duque's resignation: Lahat kami sa Cabinet uttered our 100% support kay Sec. Duque.‚Ä¶ https://t.co/XKPEf1XP5P","cnnphilippines"
"negative","@NYGovCuomo @johnscharts Based on science and data ??? The models and science have been wrong 10 fold..So,, you are‚Ä¶ https://t.co/3pjDezLfmK","Peteypickem1"
"negative","RT @NYGovCuomo: I know this is hard.\n\nI wish I could say this will be over soon, but I can‚Äôt. \n\nWe must make decisions based on the science‚Ä¶","davidbardeen"
"positive","RT @UoL_UGrad_LSE: The University of London now offers supported online degrees in fields like economics, business and management, and data‚Ä¶","psycHOElinguist"
"positive","RT @ProfKarolSikora: That was the most optimistic I've heard the Government's science team since the start of this crisis.\n\nPotential signs‚Ä¶","PAULSAU39022947"
"positive","RT @caseymross: ‚ÄúRemdesivir was a miracle,‚Äù reports one Chicago patient. Stat‚Äôs @matthewherper and @adamfeuerstein report that, while early‚Ä¶","hbdchick"
"negative","RT @NYGovCuomo: I know this is hard.\n\nI wish I could say this will be over soon, but I can‚Äôt. \n\nWe must make decisions based on the science‚Ä¶","Taitamco"
"neutral","RT @W7VOA: ‚ÄúThe President‚Äôs continued insistence on moving forward without testing, contact tracing, demographic data collection and a resp‚Ä¶","tinyboo49"
"positive","@MikeGIn713 @UnDeadspin @laurawags LOL, Thx. Alex never engages with anyone that shows good reasoning, science or d‚Ä¶ https://t.co/YbxGxFBrEm","MotleySlate"
"neutral","RT @mog7546: ‚ÄúThe President‚Äôs continued insistence on moving forward without TESTING, CONTACT TRACING, demographic data collection and a re‚Ä¶","Hawkesters"
"negative","RT @NYGovCuomo: I know this is hard.\n\nI wish I could say this will be over soon, but I can‚Äôt. \n\nWe must make decisions based on the science‚Ä¶","cynladd1"
"negative","RT @NYGovCuomo: I know this is hard.\n\nI wish I could say this will be over soon, but I can‚Äôt. \n\nWe must make decisions based on the science‚Ä¶","pj_sonnyny"
"neutral","@Maddogs82524158 @mattahrens @NateSilver538 @yeselson That‚Äôs how comparisons work. Go ahead and do science if you l‚Ä¶ https://t.co/BXNFTAkO9k","Botlife131"
"positive","RT @ProfKarolSikora: That was the most optimistic I've heard the Government's science team since the start of this crisis.\n\nPotential signs‚Ä¶","JuliaMirylees"
"positive","RT @KirkDBorne: LOL! I just received an invitation to apply for a Data Science Intern position in a company, \"based on my experience\". I wo‚Ä¶","madkozz"
"negative","RT @NYGovCuomo: I know this is hard.\n\nI wish I could say this will be over soon, but I can‚Äôt. \n\nWe must make decisions based on the science‚Ä¶","heatherdtwelve"
"positive","RT @aikarobredo: A really good explanation using data and Science, and expressed in the simplest terms.","diyarista"
"negative","RT @NYGovCuomo: I know this is hard.\n\nI wish I could say this will be over soon, but I can‚Äôt. \n\nWe must make decisions based on the science‚Ä¶","wachsy1"
"negative","RT @NYGovCuomo: I know this is hard.\n\nI wish I could say this will be over soon, but I can‚Äôt. \n\nWe must make decisions based on the science‚Ä¶","Jason8Leon"
"positive","RT @kareem_carr: Interested in discussing the big picture ideas in statistics, machine learning and data science right here on Twitter. Joi‚Ä¶","Tutiiryani1"
"neutral","RT @TeamPelosi: The #coronavirus crisis is a public health emergency that called for a coordinated federal response based on science, evide‚Ä¶","MarkStukeyII"
"neutral","RT @mog7546: ‚ÄúThe President‚Äôs continued insistence on moving forward without TESTING, CONTACT TRACING, demographic data collection and a re‚Ä¶","sherijr"
"neutral","@mstefan @tibby17 Guy who understands science: please show me data.\n\nTERF asshole: MEN ARE STRONGER!!!\n\nGwus: but w‚Ä¶ https://t.co/V7ddzleDiU","DblChkUrSources"
"positive","Attend Data Science Free Online Webinar on Linear Classifiers\nDate: 19th April' 2020\nTime: 09:30 PM to 10:30 PM MYT‚Ä¶ https://t.co/XIo4BD0MT9","360digitmg_MY"
"neutral","Neo4j Introduces Neo4j for Graph Data Science #BigData via https://t.co/AIFIu0QCMW https://t.co/F7VjXtq4A1","PandhareSidhesh"
"neutral","RT @TeamPelosi: The #coronavirus crisis is a public health emergency that called for a coordinated federal response based on science, evide‚Ä¶","joetraveler23"
"neutral","1) BS: Finance \nMS: Info Systems with a concentration in Data Science\n2) E-Commerce analyst aka website analytics (‚Ä¶ https://t.co/ZqtlomnxLK","MalikExMachina"
"neutral","RT @RichardEudes: The Data Science Method (DSM) -Pre-processing and Training Data Development https://t.co/e3bUanuvkG #bi, #bigdata, #busin‚Ä¶","hubofml"
"neutral","‚ÄúThe President‚Äôs continued insistence on moving forward without TESTING, CONTACT TRACING, demographic data collecti‚Ä¶ https://t.co/2CjY5x20Px","mog7546"
"negative","RT @YossiGestetner: .@NYGovCuomo. It is not because ‚Äúmitigation worked bete expected.‚Äù Basically, if we go with ‚Äúdata &amp; science‚Äù we can do‚Ä¶","ShawrtzJ"
"positive","RT @40_head: China refuses to give the U.S. samples from the 1st Coronavirus patient(s). Why? In March, most networks stopped talking about‚Ä¶","GPalhegyi"
"neutral","RT @YossiGestetner: a week to April 9 and upped the ICU need to 12,000. Jumping from 3,700 to 12,000 ICUs in a week meant a daily rise of 1‚Ä¶","ShawrtzJ"
"positive","RT @40_head: China refuses to give the U.S. samples from the 1st Coronavirus patient(s). Why? In March, most networks stopped talking about‚Ä¶","ivy_tex"
"negative","RT @NYGovCuomo: I know this is hard.\n\nI wish I could say this will be over soon, but I can‚Äôt. \n\nWe must make decisions based on the science‚Ä¶","SENSIMILLIEA"
"neutral","Checking out \"Augmented Analytics: Democratizing Insights and Empowering Busin\" on Data Science Central: https://t.co/uNivu9NWZ4","NJSooner1"
"positive","RT @YossiGestetner: business are open. All this, plus the point above that if you test more you will see more, suggests that NY has/had eas‚Ä¶","ShawrtzJ"